{
    "input_lengths": [
        101,
        151,
        201,
        251,
        301,
        351,
        401,
        451,
        501,
        551,
        601,
        651,
        701,
        751,
        801,
        851,
        901,
        951,
        1001,
        1051,
        1101,
        1151,
        1201,
        1251,
        1301,
        1351,
        1401,
        1451,
        1501,
        1551,
        1601,
        1651,
        1701,
        1751,
        1801,
        1851,
        1901,
        1951,
        3901,
        7801,
        15600
    ],
    "local_latencies": [
        0.011314153671264648,
        0.0009000301361083984,
        0.0007381439208984375,
        0.0007121562957763672,
        0.0020499229431152344,
        0.0008611679077148438,
        0.0007686614990234375,
        0.000759124755859375,
        0.001149892807006836,
        0.0009589195251464844,
        0.0006890296936035156,
        0.0006482601165771484,
        0.0006377696990966797,
        0.0006477832794189453,
        0.0006258487701416016,
        0.0006349086761474609,
        0.0006299018859863281,
        0.0006411075592041016,
        0.0007240772247314453,
        0.0007011890411376953,
        0.00066375732421875,
        0.0006740093231201172,
        0.0006699562072753906,
        0.0006680488586425781,
        0.0009257793426513672,
        0.0007679462432861328,
        0.0007338523864746094,
        0.0009028911590576172,
        0.0008339881896972656,
        0.0010919570922851562,
        0.0007960796356201172,
        0.0007839202880859375,
        0.0007750988006591797,
        0.0007901191711425781,
        0.0008072853088378906,
        0.000820159912109375,
        0.0007779598236083984,
        0.0007758140563964844,
        0.0012137889862060547,
        0.002307891845703125,
        0.003506183624267578
    ]
}